UPRIGHT,SPAN,GBHX 75 x 1.5,GBHX 85 x 1.5,GBHX 100 x 1.5,GBHX 110 x 1.5,GBHX 125 x 1.5,GBHX 135 x 1.5,GBHX 150 x 1.5,GBHX 175 x 1.5,HEM+ 70 x 1.2,HEM+ 70 x 1.4,HEM+ 85 x 1.2,HEM+ 85 x 1.4,HEM+ 105 x 1.2,HEM+ 105 x 1.4,HEM+ 115 x 1.2,HEM+ 115 x 1.4,HEM+ 125 x 1.2,HEM+ 125 x 1.4
GXL 90-1.6,1000,4000,4000,4000,4000,4000,4000,4000,4000,1813,2653,2405,3534,3197,4000,3711,4000,4000,4000
GXL 90-1.6,1050,4000,4000,4000,4000,4000,4000,4000,4000,1728,2539,2299,3379,3053,4000,3545,4000,3981,4000
GXL 90-1.6,1100,3925,4000,4000,4000,4000,4000,4000,4000,1648,2436,2204,3238,2922,4000,3395,4000,3810,4000
GXL 90-1.6,1150,3766,4000,4000,4000,4000,4000,4000,4000,1576,2342,2117,3109,2802,3979,3257,4000,3654,4000
GXL 90-1.6,1200,3620,4000,4000,4000,4000,4000,4000,4000,1509,2255,2030,2991,2692,3824,3131,4000,3510,4000
GXL 90-1.6,1250,3486,4000,4000,4000,4000,4000,4000,4000,1448,2176,1947,2882,2591,3681,3015,4000,3379,4000
GXL 90-1.6,1300,3362,4000,4000,4000,4000,4000,4000,4000,1391,2092,1870,2781,2498,3549,2908,4000,3257,4000
GXL 90-1.6,1350,3247,4000,4000,4000,4000,4000,4000,4000,1338,2015,1799,2688,2411,3427,2809,3924,3144,4000
GXL 90-1.6,1400,3140,3920,4000,4000,4000,4000,4000,4000,1289,1943,1733,2602,2331,3313,2716,3794,3040,4000
GXL 90-1.6,1450,3041,3797,4000,4000,4000,4000,4000,4000,1244,1876,1672,2521,2256,3207,2631,3673,2942,4000
GXL 90-1.6,1500,2948,3682,4000,4000,4000,4000,4000,4000,1201,1813,1614,2446,2181,3108,2550,3559,2851,4000
GXL 90-1.6,1550,2861,3575,4000,4000,4000,4000,4000,4000,1161,1755,1560,2376,2108,3016,2473,3453,2766,4000
GXL 90-1.6,1600,2780,3474,4000,4000,4000,4000,4000,4000,1123,1700,1510,2310,2039,2929,2394,3354,2686,3909
GXL 90-1.6,1650,2704,3379,3960,4000,4000,4000,4000,4000,1087,1634,1462,2243,1975,2848,2320,3260,2611,3799
GXL 90-1.6,1700,2632,3290,3853,4000,4000,4000,4000,4000,1054,1554,1417,2177,1914,2771,2250,3172,2534,3696
GXL 90-1.6,1750,2564,3206,3752,4000,4000,4000,4000,4000,1022,1480,1375,2114,1856,2699,2184,3089,2459,3599
GXL 90-1.6,1800,2490,3127,3657,4000,4000,4000,4000,4000,992,1411,1335,2056,1802,2630,2122,3011,2389,3507
GXL 90-1.6,1850,2373,3016,3567,4000,4000,4000,4000,4000,964,1348,1297,2000,1751,2566,2062,2937,2322,3420
GXL 90-1.6,1900,2265,2906,3482,3960,4000,4000,4000,4000,937,1289,1261,1947,1702,2505,2006,2867,2259,3337
GXL 90-1.6,1950,2164,2802,3401,3867,4000,4000,4000,4000,911,1234,1226,1898,1656,2446,1953,2800,2198,3259
GXL 90-1.6,2000,2070,2704,3324,3778,4000,4000,4000,4000,886,1182,1194,1850,1612,2391,1902,2737,2141,3185
GXL 90-1.6,2050,1982,2611,3250,3694,4000,4000,4000,4000,863,1134,1162,1778,1570,2338,1854,2676,2087,3114
GXL 90-1.6,2100,1900,2522,3181,3613,4000,4000,4000,4000,841,1089,1133,1706,1530,2281,1808,2619,2035,3047
GXL 90-1.6,2150,1824,2438,3114,3536,4000,4000,4000,4000,819,1047,1104,1638,1492,2228,1764,2564,1985,3047
GXL 90-1.6,2200,1751,2359,3051,3463,4000,4000,4000,4000,799,1007,1077,1574,1456,2176,1722,2512,1938,2921
GXL 90-1.6,2250,1684,2283,2990,3393,3939,4000,4000,4000,779,970,1051,1515,1421,2127,1682,2457,1893,2863
GXL 90-1.6,2300,1620,2211,2932,3326,3859,4000,4000,4000,761,935,1026,1458,1388,2080,1644,2404,1849,2806
GXL 90-1.6,2350,1560,2143,2876,3262,3783,4000,4000,4000,743,902,1002,1405,1356,2035,1607,2352,1808,2753
GXL 90-1.6,2400,1504,2078,2823,3200,3711,4000,4000,4000,725,871,979,1355,1325,1992,1572,2302,1768,2699
GXL 90-1.6,2450,1450,2016,2767,3141,3641,4000,4000,4000,708,841,957,1308,1296,1950,1538,2255,1730,2644
GXL 90-1.6,2500,1400,1957,2691,3084,3574,4000,4000,4000,686,813,936,1264,1267,1911,1505,2209,1693,2590
GXL 90-1.6,2550,1352,1900,2598,3026,3509,4000,4000,4000,664,787,916,1221,1240,1872,1474,2165,1658,2539
GXL 90-1.6,2600,1307,1846,2510,2967,3448,4000,4000,4000,643,761,896,1181,1214,1811,1443,2123,1624,2490
GXL 90-1.6,2650,1264,1795,2427,2911,3384,3934,4000,4000,623,738,877,1143,1189,1751,1414,2083,1591,2442
GXL 90-1.6,2700,1223,1746,2348,2856,3319,3858,4001,4000,604,715,859,1107,1164,1694,1386,2043,1559,2396
GXL 90-1.6,2750,1185,1699,2273,2803,3257,3784,4000,4000,585,693,841,1073,1141,1640,1359,2006,1529,2396
GXL 90-1.6,2800,1148,1654,2202,2753,3197,3713,4000,4000,568,673,824,1040,1118,1589,1333,1969,1499,2309
GXL 90-1.6,2850,1113,1610,2134,2703,3139,3645,4000,4000,552,653,807,1009,1096,1540,1308,1917,1471,2268
GXL 90-1.6,2900,1080,1569,2069,2656,3084,3579,3952,4000,536,635,791,979,1075,1493,1283,1859,1443,2228
GXL 90-1.6,2950,1048,1529,2008,2578,3030,3516,3882,4000,521,617,776,951,1055,1449,1259,1803,1417,2190
GXL 90-1.6,3000,1017,1491,1949,2502,2977,3454,3814,4000,506,600,761,924,1035,1407,1236,1751,1391,2142
GXL 90-1.6,3050,989,1455,1893,2429,2927,3394,3749,4000,493,583,746,898,1016,1366,1214,1700,1366,2080
GXL 90-1.6,3100,961,1415,1839,2360,2878,3337,3685,4000,480,568,725,874,997,1328,1193,1652,1342,2021
GXL 90-1.6,3150,934,1376,1788,2293,2830,3281,3624,4000,467,553,706,850,979,1291,1172,1606,1318,1964
GXL 90-1.6,3200,909,1339,1739,2230,2769,3226,3564,4000,455,539,687,828,962,1256,1152,1562,1296,1910
GXL 90-1.6,3250,885,1304,1692,2169,2692,3174,3507,4000,443,525,669,806,945,1222,1132,1520,1274,1910
GXL 90-1.6,3300,862,1270,1647,2110,2619,3123,3451,4000,432,512,652,785,928,1189,1113,1480,1252,1809
GXL 90-1.6,3350,839,1238,1604,2055,2549,3073,3396,4000,422,499,636,766,912,1158,1094,1441,1232,1761
GXL 90-1.6,3400,818,1207,1563,2001,2481,3025,3344,4000,412,487,620,746,897,1129,1076,1404,1211,1715
GXL 90-1.6,3450,798,1177,1523,1950,2417,2954,3292,4000,402,476,605,728,882,1100,1059,1368,1192,1672
GXL 90-1.6,3500,778,1148,1485,1900,2354,2878,3243,4000,392,464,590,711,867,1073,1042,1334,1173,1630
GXL 90-1.6,3550,759,1120,1449,1853,2295,2804,3194,3947,383,454,576,694,853,1046,1025,1301,1154,1589
GXL 90-1.6,3600,741,1094,1414,1807,2238,2733,3147,3888,374,443,563,677,839,1021,1009,1270,1136,1550
GXL 90-1.6,3650,723,1068,1380,1763,2182,2665,3101,3831,366,433,550,662,825,997,993,1240,1118,1513
GXL 90-1.6,3700,706,1043,1347,1721,2129,2600,3057,3775,358,424,537,647,812,973,978,1210,1101,1477
GXL 90-1.6,3750,690,1020,1316,1681,2078,2537,3013,3721,350,414,525,632,799,951,963,1182,1084,1442
GXL 90-1.6,3800,675,997,1286,1642,2029,2476,2971,3668,343,405,514,618,786,929,948,1155,1068,1409
GXL 90-1.6,3850,660,975,1257,1604,1982,2418,2929,3617,335,397,503,604,770,908,934,1129,1052,1377
GXL 90-1.6,3900,645,953,1229,1568,1936,2362,2865,3567,328,388,492,591,753,888,920,1104,1037,1377
GXL 90-1.6,3950,631,933,1201,1533,1892,2308,2799,3518,321,380,481,579,736,868,906,1079,1022,1316
GXL 90-1.6,4000,617,913,1175,1499,1850,2255,2735,3470,315,373,471,567,720,849,893,1056,1007,1287
GXL 90-1.8,1000,4000,4000,4000,4000,4000,4000,4000,4000,1847,2675,2440,3583,3211,4000,3721,4000,4000,4000
GXL 90-1.8,1050,4000,4000,4000,4000,4000,4000,4000,4000,1761,2561,2335,3428,3067,4000,3555,4000,3990,4000
GXL 90-1.8,1100,3962,4000,4000,4000,4000,4000,4000,4000,1682,2458,2239,3287,2936,4000,3405,4000,3819,4000
GXL 90-1.8,1150,3803,4000,4000,4000,4000,4000,4000,4000,1609,2364,2152,3158,2816,3998,3267,4000,3663,4000
GXL 90-1.8,1200,3657,4000,4000,4000,4000,4000,4000,4000,1542,2267,2065,3039,2706,3842,3141,4000,3520,4000
GXL 90-1.8,1250,3523,4000,4000,4000,4000,4000,4000,4000,1480,2176,1981,2930,2605,3699,3025,4000,3388,4000
GXL 90-1.8,1300,3398,4000,4000,4000,4000,4000,4000,4000,1423,2092,1905,2829,2511,3567,2918,4000,3266,4000
GXL 90-1.8,1350,3284,4000,4000,4000,4000,4000,4000,4000,1370,2015,1833,2736,2425,3445,2819,3936,3154,4000
GXL 90-1.8,1400,3177,3968,4000,4000,4000,4000,4000,4000,1320,1943,1767,2643,2345,3331,2726,3806,3049,4000
GXL 90-1.8,1450,3077,3845,4000,4000,4000,4000,4000,4000,1274,1876,1705,2552,2270,3225,2641,3685,2952,4000
GXL 90-1.8,1500,2984,3730,4000,4000,4000,4000,4000,4000,1231,1813,1647,2467,2194,3126,2560,3571,2861,4000
GXL 90-1.8,1550,2898,3622,4000,4000,4000,4000,4000,4000,1190,1755,1593,2387,2121,3034,2483,3465,2775,4000
GXL 90-1.8,1600,2816,3521,4000,4000,4000,4000,4000,4000,1152,1700,1542,2313,2052,2947,2404,3366,2696,3922
GXL 90-1.8,1650,2739,3427,4000,4000,4000,4000,4000,4000,1116,1649,1494,2313,1988,2866,2330,3272,2621,3813
GXL 90-1.8,1700,2667,3337,3893,4000,4000,4000,4000,4000,1083,1577,1449,2177,1927,2789,2260,3184,2543,3710
GXL 90-1.8,1750,2599,3253,3792,4000,4000,4000,4000,4000,1050,1503,1406,2114,1869,2717,2194,3101,2469,3612
GXL 90-1.8,1800,2533,3174,3697,4000,4000,4000,4000,4000,1020,1434,1366,2056,1815,2648,2131,3023,2398,3520
GXL 90-1.8,1850,2416,3098,3606,4000,4000,4000,4000,4000,991,1370,1327,2000,1764,2584,2072,2949,2331,3433
GXL 90-1.8,1900,2306,3027,3521,3995,4000,4000,4000,4000,964,1310,1291,1947,1715,2522,2016,2878,2268,3351
GXL 90-1.8,1950,2204,2959,3440,3901,4000,4000,4000,4000,938,1254,1256,1898,1668,2464,1962,2812,2207,3272
GXL 90-1.8,2000,2109,2895,3363,3812,4000,4000,4000,4000,913,1202,1223,1850,1624,2409,1912,2748,2150,3198
GXL 90-1.8,2050,2021,2833,3289,3728,4000,4000,4000,4000,889,1154,1192,1805,1582,2355,1863,2688,2096,3127
GXL 90-1.8,2100,1938,2775,3220,3647,4000,4000,4000,4000,867,1108,1162,1758,1543,2299,1817,2630,2044,3060
GXL 90-1.8,2150,1860,2719,3153,3570,4000,4000,4000,4000,845,1066,1133,1689,1504,2245,1773,2576,1994,2996
GXL 90-1.8,2200,1787,2621,3089,3497,4000,4000,4000,4000,824,1026,1106,1624,1468,2193,1731,2523,1947,2934
GXL 90-1.8,2250,1719,2522,3028,3427,3969,4000,4000,4000,804,988,1079,1563,1433,2144,1691,2469,1901,2876
GXL 90-1.8,2300,1654,2428,2970,3360,3889,4000,4000,4000,785,952,1054,1506,1400,2097,1653,2415,1858,2819
GXL 90-1.8,2350,1594,2339,2914,3295,3813,4000,4000,4000,767,919,1030,1452,1368,2052,1616,2363,1816,2766
GXL 90-1.8,2400,1536,2256,2861,3234,3740,4000,4000,4000,749,887,1007,1401,1337,2009,1580,2314,1776,2712
GXL 90-1.8,2450,1482,2177,2805,3174,3671,4000,4000,4000,732,857,984,1353,1307,1967,1546,2266,1738,2657
GXL 90-1.8,2500,1431,2103,2738,3118,3604,4000,4000,4000,716,829,963,1307,1279,1927,1514,2221,1701,2603
GXL 90-1.8,2550,1383,2032,2644,3060,3539,4000,4000,4000,693,802,942,1264,1252,1889,1482,2177,1666,2552
GXL 90-1.8,2600,1337,1966,2555,3000,3477,4000,4000,4000,671,777,922,1223,1225,1831,1452,2134,1632,2502
GXL 90-1.8,2650,1294,1902,2471,2944,3413,3961,4000,4000,651,752,903,1184,1200,1771,1423,2094,1599,2455
GXL 90-1.8,2700,1252,1842,2391,2889,3349,3884,4001,4000,631,729,884,1147,1176,1713,1395,2054,1567,2409
GXL 90-1.8,2750,1213,1785,2315,2836,3286,3811,4000,4000,612,708,866,1112,1152,1659,1367,2016,1537,2365
GXL 90-1.8,2800,1176,1731,2243,2785,3226,3740,4000,4000,594,687,849,1079,1129,1607,1341,1980,1507,2322
GXL 90-1.8,2850,1140,1679,2175,2736,3168,3672,4000,4000,577,667,832,1047,1108,1558,1316,1930,1479,2281
GXL 90-1.8,2900,1107,1629,2109,2688,3112,3606,3976,4000,561,648,816,1017,1086,1511,1291,1872,1451,2241
GXL 90-1.8,2950,1074,1582,2047,2617,3058,3542,3906,4000,546,630,800,988,1066,1467,1267,1816,1425,2202
GXL 90-1.8,3000,1044,1537,1988,2540,3006,3480,3838,4000,531,613,785,960,1046,1424,1244,1763,1399,2157
GXL 90-1.8,3050,1014,1495,1931,2467,2955,3421,3773,4000,517,596,770,934,1027,1383,1222,1713,1374,2095
GXL 90-1.8,3100,986,1454,1877,2397,2906,3363,3709,4000,503,580,755,908,1008,1344,1201,1664,1350,2035
GXL 90-1.8,3150,959,1414,1825,2330,2859,3307,3648,4000,490,565,735,908,990,1307,1180,1618,1326,1978
GXL 90-1.8,3200,933,1377,1775,2266,2804,3252,3588,4000,477,551,716,861,972,1272,1159,1574,1303,1924
GXL 90-1.8,3250,909,1341,1728,2204,2726,3200,3531,4000,466,537,698,839,955,1238,1140,1532,1281,1872
GXL 90-1.8,3300,885,1306,1682,2145,2652,3149,3475,4000,454,523,680,818,939,1205,1120,1491,1260,1822
GXL 90-1.8,3350,863,1273,1639,2089,2582,3099,3420,4000,443,511,663,797,923,1174,1102,1452,1239,1774
GXL 90-1.8,3400,841,1241,1597,2035,2514,3051,3367,4000,432,498,647,778,907,1144,1084,1415,1219,1729
GXL 90-1.8,3450,820,1211,1557,1983,2449,2985,3316,4000,422,487,631,759,892,1115,1066,1379,1199,1685
GXL 90-1.8,3500,800,1182,1518,1933,2386,2908,3266,4000,413,475,616,741,877,1087,1049,1345,1180,1642
GXL 90-1.8,3550,781,1153,1481,1885,2326,2834,3217,3988,403,464,602,723,863,1061,1032,1312,1161,1602
GXL 90-1.8,3600,762,1126,1446,1839,2268,2763,3170,3929,394,454,588,707,849,1035,1016,1280,1143,1563
GXL 90-1.8,3650,744,1100,1411,1795,2213,2695,3124,3872,385,443,575,690,835,1011,1000,1250,1126,1525
GXL 90-1.8,3700,727,1075,1378,1752,2159,2629,3080,3816,377,434,562,675,822,987,985,1220,1108,1489
GXL 90-1.8,3750,711,1051,1346,1711,2108,2566,3036,3761,369,424,550,660,809,964,970,1192,1092,1454
GXL 90-1.8,3800,695,1028,1316,1672,2058,2505,2994,3709,361,415,538,645,796,942,955,1165,1075,1421
GXL 90-1.8,3850,679,1005,1286,1634,2011,2446,2952,3657,353,406,526,645,782,921,941,1138,1059,1389
GXL 90-1.8,3900,665,983,1258,1597,1965,2389,2893,3607,346,398,515,618,765,901,927,1113,1044,1357
GXL 90-1.8,3950,650,962,1230,1561,1920,2335,2826,3558,339,390,504,605,748,881,913,1089,1029,1327
GXL 90-1.8,4000,636,942,1204,1527,1877,2282,2763,3510,332,382,494,593,732,862,900,1065,1014,1298
GXL 90-2.0,1000,4000,4000,4000,4000,4000,4000,4000,4000,1880,2697,2475,3632,3225,4000,3731,4000,4000,4000
GXL 90-2.0,1050,4000,4000,4000,4000,4000,4000,4000,4000,1794,2583,2370,3476,3080,4000,3565,4000,3999,4000
GXL 90-2.0,1100,3999,4000,4000,4000,4000,4000,4000,4000,1714,2473,2274,3335,2949,4000,3415,4000,3828,4000
GXL 90-2.0,1150,3840,4000,4000,4000,4000,4000,4000,4000,1641,2365,2186,3205,2829,4000,3277,4000,3672,4000
GXL 90-2.0,1200,3694,4000,4000,4000,4000,4000,4000,4000,1573,2267,2099,3084,2719,3861,3151,4000,3529,4000
GXL 90-2.0,1250,3559,4000,4000,4000,4000,4000,4000,4000,1511,2176,2015,2960,2618,3717,3035,4000,3397,4000
GXL 90-2.0,1300,3435,4000,4000,4000,4000,4000,4000,4000,1453,2092,1938,2846,2525,3585,2928,4000,3275,4000
GXL 90-2.0,1350,3320,4000,4000,4000,4000,4000,4000,4000,1400,2015,1866,2741,2438,3463,2828,3948,3163,4000
GXL 90-2.0,1400,3213,4000,4000,4000,4000,4000,4000,4000,1350,1943,1799,2643,2358,3349,2736,3818,3058,4000
GXL 90-2.0,1450,3113,3892,4000,4000,4000,4000,4000,4000,1304,1876,1737,2552,2283,3243,2650,3696,2961,4000
GXL 90-2.0,1500,3020,3777,4000,4000,4000,4000,4000,4000,1260,1813,1679,2467,2207,3144,2570,3583,2870,4000
GXL 90-2.0,1550,2933,3669,4000,4000,4000,4000,4000,4000,1219,1755,1624,2387,2134,3052,2492,3477,2784,4000
GXL 90-2.0,1600,2851,3568,4000,4000,4000,4000,4000,4000,1181,1700,1573,2313,2065,2965,2413,3377,2705,3935
GXL 90-2.0,1650,2775,3473,4000,4000,4000,4000,4000,4000,1144,1649,1525,2243,2001,2883,2339,3284,2629,3826
GXL 90-2.0,1700,2702,3384,3932,4000,4000,4000,4000,4000,1110,1600,1479,2177,1940,2807,2269,3196,2552,3722
GXL 90-2.0,1750,2634,3299,3831,4000,4000,4000,4000,4000,1078,1526,1436,2114,1882,2734,2203,3113,2477,3625
GXL 90-2.0,1800,2570,3219,3736,4000,4000,4000,4000,4000,1047,1456,1395,2056,1828,2666,2140,3034,2407,3533
GXL 90-2.0,1850,2458,3144,3646,4000,4000,4000,4000,4000,1018,1391,1357,2000,1776,2601,2081,2960,2340,3446
GXL 90-2.0,1900,2347,3072,3560,4000,4000,4000,4000,4000,990,1331,1320,1947,1727,2540,2025,2890,2276,3363
GXL 90-2.0,1950,2244,3004,3479,3935,4000,4000,4000,4000,964,1275,1285,1898,1681,2481,1971,2823,2216,3285
GXL 90-2.0,2000,2148,2940,3401,3846,4000,4000,4000,4000,938,1222,1252,1850,1637,2426,1921,2759,2159,3211
GXL 90-2.0,2050,2059,2878,3328,3761,4000,4000,4000,4000,914,1173,1220,1805,1595,2372,1872,2699,2104,3140
GXL 90-2.0,2100,1975,2820,3258,3681,4000,4000,4000,4000,891,1127,1190,1762,1555,2316,1826,2641,2052,3072
GXL 90-2.0,2150,1896,2764,3191,3604,4000,4000,4000,4000,869,1084,1161,1721,1516,2262,1782,2587,2002,3072
GXL 90-2.0,2200,1823,2676,3127,3530,4000,4000,4000,4000,848,1043,1133,1673,1480,2210,1740,2534,1955,2947
GXL 90-2.0,2250,1753,2575,3066,3460,3998,4000,4000,4000,828,1005,1106,1611,1445,2161,1700,2480,1909,2888
GXL 90-2.0,2300,1688,2480,3008,3393,3919,4000,4000,4000,809,969,1081,1552,1411,2114,1661,2426,1866,2832
GXL 90-2.0,2350,1627,2390,2952,3328,3843,4000,4000,4000,790,935,1057,1497,1379,2069,1624,2374,1824,2778
GXL 90-2.0,2400,1569,2306,2899,3267,3770,4000,4000,4000,772,903,1033,1445,1348,2025,1589,2324,1784,2723
GXL 90-2.0,2450,1514,2226,2843,3207,3700,4000,4000,4000,755,873,1010,1396,1319,1984,1555,2277,1746,2668
GXL 90-2.0,2500,1462,2151,2784,3151,3633,4000,4000,4000,738,844,989,1350,1290,1943,1522,2231,1709,2614
GXL 90-2.0,2550,1413,2079,2689,3092,3568,4000,4000,4000,721,817,968,1305,1263,1905,1490,2187,1674,2563
GXL 90-2.0,2600,1367,2011,2599,3033,3506,4000,4000,4000,699,791,947,1264,1237,1851,1460,2145,1640,2514
GXL 90-2.0,2650,1323,1947,2514,2976,3442,3987,4000,4000,678,767,928,1224,1211,1790,1431,2104,1607,2466
GXL 90-2.0,2700,1281,1886,2434,2921,3378,3911,4001,4000,657,744,909,1186,1187,1732,1402,2065,1575,2421
GXL 90-2.0,2750,1241,1828,2357,2868,3315,3838,4000,4000,638,722,891,1150,1163,1678,1375,2027,1544,2376
GXL 90-2.0,2800,1203,1773,2284,2817,3255,3767,4000,4000,620,700,873,1116,1140,1626,1349,1990,1515,2376
GXL 90-2.0,2850,1167,1720,2215,2767,3197,3698,4000,4000,602,680,856,1084,1118,1576,1323,1943,1486,2292
GXL 90-2.0,2900,1133,1670,2149,2720,3141,3632,4000,4000,585,661,839,1053,1097,1529,1299,1884,1459,2252
GXL 90-2.0,2950,1100,1622,2086,2656,3087,3568,3930,4000,569,643,823,1023,1077,1484,1275,1828,1432,2214
GXL 90-2.0,3000,1069,1577,2026,2579,3034,3506,3862,4000,554,625,808,995,1057,1441,1252,1775,1406,2171
GXL 90-2.0,3050,1039,1533,1969,2504,2984,3446,3797,4000,539,608,793,968,1037,1400,1230,1724,1381,2109
GXL 90-2.0,3100,1011,1491,1914,2434,2934,3388,3733,4000,525,592,778,942,1018,1361,1208,1676,1357,2049
GXL 90-2.0,3150,983,1452,1861,2366,2887,3332,3672,4000,512,577,764,917,1000,1323,1187,1630,1333,1992
GXL 90-2.0,3200,957,1413,1811,2301,2838,3278,3612,4000,499,562,744,893,983,1288,1167,1585,1311,1937
GXL 90-2.0,3250,932,1377,1763,2239,2760,3225,3554,4000,487,548,725,871,966,1253,1147,1543,1289,1885
GXL 90-2.0,3300,908,1342,1717,2180,2686,3174,3498,4000,475,535,707,849,949,1220,1128,1502,1267,1835
GXL 90-2.0,3350,885,1308,1673,2123,2614,3124,3443,4000,463,522,690,828,933,1189,1109,1463,1246,1787
GXL 90-2.0,3400,863,1276,1630,2068,2546,3076,3390,4000,452,509,673,808,917,1159,1091,1426,1226,1741
GXL 90-2.0,3450,842,1245,1590,2016,2480,3016,3339,4000,442,497,657,788,902,1130,1073,1390,1206,1741
GXL 90-2.0,3500,822,1215,1551,1965,2417,2938,3289,4000,432,486,642,770,887,1102,1056,1355,1187,1655
GXL 90-2.0,3550,802,1186,1513,1917,2357,2864,3240,4000,422,475,627,752,873,1075,1039,1322,1168,1614
GXL 90-2.0,3600,783,1158,1477,1871,2298,2792,3193,3969,413,464,613,735,858,1049,1023,1290,1150,1575
GXL 90-2.0,3650,765,1132,1442,1826,2243,2724,3147,3912,404,454,599,718,845,1024,1007,1259,1132,1537
GXL 90-2.0,3700,748,1106,1409,1783,2189,2657,3102,3856,395,444,586,702,831,1001,992,1230,1115,1501
GXL 90-2.0,3750,731,1081,1377,1741,2137,2594,3059,3801,386,434,573,687,818,978,977,1201,1098,1466
GXL 90-2.0,3800,715,1058,1345,1701,2087,2532,3016,3748,378,434,560,672,806,955,962,1174,1082,1432
GXL 90-2.0,3850,699,1035,1316,1663,2039,2473,2975,3697,370,416,549,658,793,934,948,1148,1066,1400
GXL 90-2.0,3900,684,1013,1287,1626,1993,2416,2920,3646,363,407,537,644,777,914,933,1122,1050,1368
GXL 90-2.0,3950,669,991,1259,1590,1948,2361,2853,3597,355,399,526,630,760,894,920,1098,1035,1338
GXL 90-2.0,4000,655,970,1232,1555,1905,2308,2789,3549,348,391,515,617,743,874,906,1074,1020,1309
GXL 110-1.8,1000,4000,4000,4000,4000,4000,4000,4000,4000,1922,2720,2522,3699,3258,4000,3774,4000,4000,4000
GXL 110-1.8,1050,4000,4000,4000,4000,4000,4000,4000,4000,1836,2591,2416,3524,3114,4000,3608,4000,4000,4000
GXL 110-1.8,1100,3941,4000,4000,4000,4000,4000,4000,4000,1755,2473,2320,3364,2982,4000,3457,4000,3868,4000
GXL 110-1.8,1150,3782,4000,4000,4000,4000,4000,4000,4000,1681,2365,2232,3218,2862,4000,3319,4000,3712,4000
GXL 110-1.8,1200,3636,4000,4000,4000,4000,4000,4000,4000,1613,2267,2144,3084,2752,3931,3193,4000,3569,4000
GXL 110-1.8,1250,3501,4000,4000,4000,4000,4000,4000,4000,1550,2165,2060,2960,2651,3787,3077,4000,3437,4000
GXL 110-1.8,1300,3377,4000,4000,4000,4000,4000,4000,4000,1492,2058,1982,2846,2557,3655,2969,4000,3315,4000
GXL 110-1.8,1350,3263,4000,4000,4000,4000,4000,4000,4000,1438,1959,1910,2741,2471,3532,2870,3998,3202,4000
GXL 110-1.8,1400,3156,3966,4000,4000,4000,4000,4000,4000,1388,1867,1843,2643,2390,3418,2778,3868,3097,4000
GXL 110-1.8,1450,3056,3843,4000,4000,4000,4000,4000,4000,1341,1781,1780,2552,2315,3312,2691,3746,3000,4000
GXL 110-1.8,1500,2964,3728,4000,4000,4000,4000,4000,4000,1297,1702,1721,2467,2239,3213,2611,3633,2909,4000
GXL 110-1.8,1550,2877,3620,4000,4000,4000,4000,4000,4000,1255,1628,1666,2387,2166,3120,2533,3526,2823,4000
GXL 110-1.8,1600,2795,3520,4000,4000,4000,4000,4000,4000,1216,1558,1614,2313,2097,3033,2454,3427,2743,3991
GXL 110-1.8,1650,2719,3425,4000,4000,4000,4000,4000,4000,1180,1494,1566,2243,2032,2951,2379,3333,2668,3881
GXL 110-1.8,1700,2647,3336,3908,4000,4000,4000,4000,4000,1145,1434,1520,2177,1971,2874,2309,3245,2590,3778
GXL 110-1.8,1750,2579,3251,3807,4000,4000,4000,4000,4000,1112,1377,1476,2114,1913,2801,2242,3162,2515,3680
GXL 110-1.8,1800,2508,3172,3712,4000,4000,4000,4000,4000,1081,1324,1435,2056,1858,2733,2180,3083,2444,3588
GXL 110-1.8,1850,2391,3096,3622,4000,4000,4000,4000,4000,1051,1274,1396,2000,1807,2668,2120,3009,2377,3501
GXL 110-1.8,1900,2283,3025,3536,4000,4000,4000,4000,4000,1023,1228,1359,1947,1757,2606,2064,2938,2314,3418
GXL 110-1.8,1950,2181,2957,3455,3954,4000,4000,4000,4000,996,1184,1323,1898,1711,2547,2010,2871,2253,3340
GXL 110-1.8,2000,2087,2893,3378,3865,4000,4000,4000,4000,970,1142,1289,1850,1666,2492,1959,2808,2195,3265
GXL 110-1.8,2050,1999,2832,3304,3780,4000,4000,4000,4000,946,1103,1257,1805,1624,2438,1910,2747,2141,3188
GXL 110-1.8,2100,1916,2773,3234,3699,4000,4000,4000,4000,922,1066,1227,1762,1584,2381,1864,2689,2088,3112
GXL 110-1.8,2150,1839,2717,3168,3622,4000,4000,4000,4000,900,1031,1197,1721,1546,2327,1819,2634,2038,3040
GXL 110-1.8,2200,1767,2619,3104,3549,4000,4000,4000,4000,878,998,1169,1682,1509,2275,1777,2582,1991,2971
GXL 110-1.8,2250,1699,2519,3043,3478,4000,4000,4000,4000,858,967,1142,1645,1474,2225,1737,2527,1945,2905
GXL 110-1.8,2300,1635,2426,2985,3411,3940,4000,4000,4000,838,937,1116,1609,1440,2177,1698,2473,1901,2842
GXL 110-1.8,2350,1574,2337,2929,3347,3864,4000,4000,4000,819,909,1091,1560,1408,2132,1660,2421,1860,2842
GXL 110-1.8,2400,1518,2254,2875,3285,3791,4000,4000,4000,800,882,1067,1506,1377,2088,1625,2371,1819,2723
GXL 110-1.8,2450,1464,2175,2820,3226,3721,4000,4000,4000,783,857,1044,1456,1347,2046,1590,2323,1781,2668
GXL 110-1.8,2500,1413,2101,2755,3169,3654,4000,4000,4000,766,832,1022,1408,1318,2005,1557,2277,1744,2614
GXL 110-1.8,2550,1365,2031,2661,3110,3590,4000,4000,4000,749,809,1001,1363,1281,1966,1525,2233,1708,2563
GXL 110-1.8,2600,1320,1964,2572,3051,3528,4000,4000,4000,733,787,980,1320,1245,1927,1495,2190,1674,2514
GXL 110-1.8,2650,1277,1900,2488,2994,3463,4000,4000,4000,712,766,960,1279,1210,1864,1465,2149,1640,2466
GXL 110-1.8,2700,1236,1840,2408,2939,3399,3961,4001,4000,691,746,941,1240,1177,1805,1437,2110,1609,2421
GXL 110-1.8,2750,1197,1783,2332,2886,3336,3887,4000,4000,671,727,922,1203,1145,1749,1409,2071,1578,2377
GXL 110-1.8,2800,1160,1729,2259,2835,3276,3816,4000,4000,651,709,904,1168,1114,1696,1383,2035,1548,2334
GXL 110-1.8,2850,1125,1677,2190,2785,3218,3747,4000,4000,633,691,887,1134,1085,1645,1357,1998,1519,2293
GXL 110-1.8,2900,1091,1628,2125,2737,3162,3681,4000,4000,616,691,870,1102,1057,1597,1332,1938,1491,2254
GXL 110-1.8,2950,1059,1581,2062,2678,3107,3617,4000,4000,599,658,854,1072,1030,1550,1308,1881,1464,2215
GXL 110-1.8,3000,1029,1536,2002,2600,3055,3555,3971,4000,583,643,838,1042,1004,1506,1285,1827,1438,2215
GXL 110-1.8,3050,999,1493,1946,2525,3004,3495,3905,4000,568,628,822,1014,980,1464,1262,1776,1413,2143
GXL 110-1.8,3100,972,1452,1891,2454,2955,3437,3841,4000,553,614,807,988,956,1424,1240,1726,1389,2108
GXL 110-1.8,3150,945,1413,1839,2386,2907,3380,3779,4000,539,600,793,962,933,1385,1219,1679,1365,2051
GXL 110-1.8,3200,920,1375,1789,2321,2861,3326,3718,4000,526,587,779,938,911,1349,1198,1634,1342,1995
GXL 110-1.8,3250,895,1339,1742,2259,2785,3273,3660,4000,513,574,761,914,890,1313,1178,1591,1320,1942
GXL 110-1.8,3300,872,1305,1696,2199,2710,3221,3603,4000,501,562,743,891,869,1279,1159,1549,1298,1891
GXL 110-1.8,3350,849,1272,1652,2142,2638,3171,3549,4000,489,548,725,870,850,1247,1140,1509,1277,1842
GXL 110-1.8,3400,828,1240,1610,2087,2569,3123,3495,4000,478,535,707,849,831,1216,1122,1471,1256,1795
GXL 110-1.8,3450,807,1210,1570,2034,2503,3074,3443,4000,467,523,691,829,812,1186,1104,1434,1236,1750
GXL 110-1.8,3500,787,1180,1531,1983,2440,2995,3393,4000,456,511,675,810,795,1157,1086,1399,1217,1707
GXL 110-1.8,3550,768,1152,1494,1935,2379,2920,3344,4000,446,499,659,791,778,1129,1069,1365,1198,1666
GXL 110-1.8,3600,750,1125,1458,1888,2321,2847,3296,4000,436,488,645,773,761,1103,1053,1333,1180,1626
GXL 110-1.8,3650,732,1099,1423,1843,2264,2778,3250,3977,426,477,630,756,746,1077,1037,1302,1162,1587
GXL 110-1.8,3700,715,1074,1390,1800,2210,2711,3205,3921,417,477,617,739,730,1053,1021,1271,1144,1550
GXL 110-1.8,3750,699,1050,1358,1758,2158,2647,3160,3866,408,457,603,723,715,1029,1006,1242,1127,1514
GXL 110-1.8,3800,683,1026,1327,1718,2108,2584,3118,3813,400,447,590,708,701,1006,991,1214,1111,1480
GXL 110-1.8,3850,668,1004,1298,1679,2059,2525,3076,3761,392,438,578,693,687,984,976,1187,1095,1447
GXL 110-1.8,3900,653,982,1269,1642,2013,2467,3035,3711,384,429,566,679,674,963,962,1161,1079,1415
GXL 110-1.8,3950,639,961,1241,1606,1968,2411,2976,3661,376,420,554,665,661,942,948,1136,1063,1384
GXL 110-1.8,4000,626,941,1215,1571,1924,2358,2910,3613,369,412,543,651,648,922,934,1112,1048,1354
GXL 110-2.0,1000,4000,4000,4000,4000,4000,4000,4000,4000,1936,2720,2537,3700,3275,4000,3787,4000,4000,4000
GXL 110-2.0,1050,4000,4000,4000,4000,4000,4000,4000,4000,1849,2591,2431,3524,3131,4000,3621,4000,4000,4000
GXL 110-2.0,1100,3952,4000,4000,4000,4000,4000,4000,4000,1768,2473,2334,3364,2999,4000,3470,4000,3880,4000
GXL 110-2.0,1150,3793,4000,4000,4000,4000,4000,4000,4000,1694,2365,2246,3218,2879,4000,3332,4000,3724,4000
GXL 110-2.0,1200,3647,4000,4000,4000,4000,4000,4000,4000,1626,2267,2158,3084,2769,3951,3206,4000,3581,4000
GXL 110-2.0,1250,3512,4000,4000,4000,4000,4000,4000,4000,1563,2176,2074,2960,2667,3807,3089,4000,3449,4000
GXL 110-2.0,1300,3388,4000,4000,4000,4000,4000,4000,4000,1505,2092,1996,2846,2574,3675,2982,4000,3327,4000
GXL 110-2.0,1350,3273,4000,4000,4000,4000,4000,4000,4000,1450,2015,1924,2741,2487,3552,2882,4000,3214,4000
GXL 110-2.0,1400,3167,3985,4000,4000,4000,4000,4000,4000,1400,2015,1856,2643,2407,3438,2790,3883,3109,4000
GXL 110-2.0,1450,3067,3862,4000,4000,4000,4000,4000,4000,1352,1876,1793,2552,2332,3331,2704,3761,3011,4000
GXL 110-2.0,1500,2974,3747,4000,4000,4000,4000,4000,4000,1308,1813,1734,2467,2256,3232,2623,3648,2920,4000
GXL 110-2.0,1550,2887,3639,4000,4000,4000,4000,4000,4000,1267,1755,1679,2387,2182,3139,2546,3541,2835,4000
GXL 110-2.0,1600,2806,3538,4000,4000,4000,4000,4000,4000,1227,1700,1627,2313,2113,3052,2466,3442,2755,4000
GXL 110-2.0,1650,2729,3443,4000,4000,4000,4000,4000,4000,1190,1649,1578,2243,2048,2970,2391,3348,2680,3898
GXL 110-2.0,1700,2657,3354,3955,4000,4000,4000,4000,4000,1156,1600,1532,2177,1986,2893,2321,3260,2602,3794
GXL 110-2.0,1750,2589,3270,3853,4000,4000,4000,4000,4000,1123,1554,1489,2114,1929,2820,2254,3176,2527,3697
GXL 110-2.0,1800,2521,3190,3758,4000,4000,4000,4000,4000,1091,1511,1447,2056,1874,2752,2191,3098,2456,3604
GXL 110-2.0,1850,2404,3115,3668,4000,4000,4000,4000,4000,1061,1469,1408,2000,1822,2687,2132,3023,2388,3517
GXL 110-2.0,1900,2295,3043,3582,4000,4000,4000,4000,4000,1033,1406,1371,1947,1773,2625,2075,2953,2325,3434
GXL 110-2.0,1950,2193,2975,3501,3990,4000,4000,4000,4000,1006,1348,1335,1898,1726,2566,2021,2886,2264,3352
GXL 110-2.0,2000,2098,2911,3423,3901,4000,4000,4000,4000,980,1294,1301,1850,1682,2510,1970,2822,2206,3268
GXL 110-2.0,2050,2010,2850,3350,3816,4000,4000,4000,4000,956,1243,1269,1805,1639,2449,1921,2761,2152,3188
GXL 110-2.0,2100,1927,2791,3280,3735,4000,4000,4000,4000,932,1195,1238,1762,1599,2391,1875,2704,2099,3112
GXL 110-2.0,2150,1850,2735,3213,3658,4000,4000,4000,4000,909,1150,1209,1721,1560,2335,1831,2649,2049,3040
GXL 110-2.0,2200,1777,2641,3149,3584,4000,4000,4000,4000,888,1108,1180,1721,1523,2282,1788,2596,2001,2971
GXL 110-2.0,2250,1709,2541,3088,3514,4000,4000,4000,4000,867,1068,1153,1645,1488,2231,1747,2541,1956,2905
GXL 110-2.0,2300,1645,2447,3029,3447,3975,4000,4000,4000,847,1031,1127,1609,1454,2183,1709,2487,1912,2842
GXL 110-2.0,2350,1584,2358,2973,3382,3898,4000,4000,4000,828,995,1102,1575,1422,2137,1671,2435,1870,2781
GXL 110-2.0,2400,1527,2274,2920,3320,3825,4000,4000,4000,809,962,1078,1526,1391,2092,1635,2385,1830,2723
GXL 110-2.0,2450,1473,2195,2864,3261,3755,4000,4000,4000,791,930,1055,1475,1361,2049,1601,2337,1791,2668
GXL 110-2.0,2500,1422,2120,2808,3204,3688,4000,4000,4000,774,900,1033,1426,1332,2008,1568,2291,1754,2614
GXL 110-2.0,2550,1374,2049,2715,3145,3623,4000,4000,4000,758,872,1011,1381,1304,1969,1536,2247,1718,2563
GXL 110-2.0,2600,1329,1982,2624,3086,3561,4000,4000,4000,742,845,990,1337,1278,1931,1505,2204,1684,2563
GXL 110-2.0,2650,1285,1919,2539,3029,3497,4000,4000,4000,722,819,970,1296,1252,1886,1476,2163,1651,2466
GXL 110-2.0,2700,1244,1858,2458,2973,3432,4000,4001,4000,701,795,951,1257,1227,1826,1447,2123,1619,2421
GXL 110-2.0,2750,1205,1801,2381,2920,3369,3927,4000,4000,681,772,932,1219,1203,1770,1419,2085,1588,2377
GXL 110-2.0,2800,1168,1746,2307,2869,3309,3856,4000,4000,661,749,914,1184,1180,1716,1393,2048,1558,2334
GXL 110-2.0,2850,1133,1694,2238,2819,3251,3787,4000,4000,643,728,896,1150,1158,1665,1367,2012,1529,2293
GXL 110-2.0,2900,1099,1644,2171,2771,3194,3720,4000,4000,625,708,879,1118,1136,1616,1342,1954,1501,2254
GXL 110-2.0,2950,1067,1597,2108,2719,3140,3656,4000,4000,608,689,863,1087,1115,1569,1318,1897,1474,2215
GXL 110-2.0,3000,1036,1552,2047,2640,3087,3594,3988,4000,592,689,847,1057,1095,1525,1294,1843,1448,2179
GXL 110-2.0,3050,1007,1509,1990,2565,3036,3534,3922,4000,577,653,831,1029,1075,1482,1272,1791,1423,2143
GXL 110-2.0,3100,979,1467,1934,2493,2987,3475,3857,4000,562,636,816,1002,1056,1442,1250,1741,1398,2108
GXL 110-2.0,3150,952,1428,1882,2425,2939,3419,3795,4000,548,620,802,976,1038,1403,1229,1694,1374,2068
GXL 110-2.0,3200,927,1390,1831,2359,2893,3364,3735,4000,534,604,787,951,1020,1366,1208,1648,1351,2012
GXL 110-2.0,3250,902,1354,1783,2296,2824,3311,3677,4000,521,589,773,928,1003,1330,1188,1605,1329,1959
GXL 110-2.0,3300,879,1319,1736,2236,2748,3259,3620,4000,509,575,754,905,986,1296,1168,1563,1307,1908
GXL 110-2.0,3350,856,1286,1692,2178,2676,3209,3565,4000,497,561,736,883,969,1263,1149,1523,1286,1859
GXL 110-2.0,3400,835,1254,1649,2122,2606,3161,3512,4000,485,548,718,862,953,1232,1131,1485,1265,1811
GXL 110-2.0,3450,814,1223,1608,2069,2540,3113,3460,4000,474,535,701,841,938,1202,1113,1448,1245,1766
GXL 110-2.0,3500,794,1194,1569,2018,2476,3041,3409,4000,463,523,685,822,923,1173,1095,1412,1226,1723
GXL 110-2.0,3550,775,1165,1531,1969,2415,2965,3360,4000,453,511,670,803,908,1145,1078,1378,1207,1681
GXL 110-2.0,3600,756,1138,1495,1922,2356,2892,3312,4000,443,511,655,785,894,1118,1062,1346,1189,1641
GXL 110-2.0,3650,739,1112,1460,1876,2299,2822,3266,4000,434,489,640,768,880,1092,1045,1314,1171,1602
GXL 110-2.0,3700,721,1086,1426,1832,2244,2754,3221,3966,424,478,626,751,866,1067,1030,1284,1153,1565
GXL 110-2.0,3750,705,1062,1393,1790,2192,2689,3177,3912,415,468,613,735,853,1043,1014,1255,1136,1529
GXL 110-2.0,3800,689,1038,1362,1750,2141,2626,3134,3858,407,458,600,719,840,1020,999,1226,1119,1529
GXL 110-2.0,3850,674,1016,1332,1710,2092,2566,3092,3806,398,449,587,704,827,998,985,1199,1103,1461
GXL 110-2.0,3900,659,994,1303,1673,2045,2508,3051,3755,390,440,575,689,815,976,970,1173,1087,1429
GXL 110-2.0,3950,645,973,1275,1636,2000,2452,2996,3705,382,431,563,675,801,956,956,1148,1072,1398
GXL 110-2.0,4000,631,952,1248,1601,1956,2398,2929,3657,375,422,552,662,784,936,943,1123,1057,1368
GXL 110-2.5,1000,4000,4000,4000,4000,4000,4000,4000,4000,1968,2720,2572,3700,3317,4000,3817,4000,4000,4000
GXL 110-2.5,1050,4000,4000,4000,4000,4000,4000,4000,4000,1881,2591,2466,3524,3172,4000,3651,4000,4000,4000
GXL 110-2.5,1100,3978,4000,4000,4000,4000,4000,4000,4000,1799,2473,2369,3364,3041,4000,3500,4000,3909,4000
GXL 110-2.5,1150,3819,4000,4000,4000,4000,4000,4000,4000,1725,2365,2281,3218,2920,4000,3362,4000,3753,4000
GXL 110-2.5,1200,3673,4000,4000,4000,4000,4000,4000,4000,1656,2267,2192,3084,2810,3970,3236,4000,3609,4000
GXL 110-2.5,1250,3538,4000,4000,4000,4000,4000,4000,4000,1593,2176,2108,2960,2708,3827,3119,4000,3477,4000
GXL 110-2.5,1300,3414,4000,4000,4000,4000,4000,4000,4000,1534,2092,2029,2846,2615,3694,3012,4000,3355,4000
GXL 110-2.5,1350,3299,4000,4000,4000,4000,4000,4000,4000,1479,2015,1957,2741,2528,3571,2912,4000,3242,4000
GXL 110-2.5,1400,3192,4000,4000,4000,4000,4000,4000,4000,1428,1943,1889,2643,2447,3457,2820,3919,3137,4000
GXL 110-2.5,1450,3093,3908,4000,4000,4000,4000,4000,4000,1380,1876,1826,2552,2372,3351,2733,3797,3039,4000
GXL 110-2.5,1500,3000,3792,4000,4000,4000,4000,4000,4000,1336,1813,1766,2467,2296,3251,2653,3683,2948,4000
GXL 110-2.5,1550,2913,3685,4000,4000,4000,4000,4000,4000,1294,1755,1711,2387,2222,3159,2575,3577,2863,4000
GXL 110-2.5,1600,2831,3583,4000,4000,4000,4000,4000,4000,1254,1700,1658,2313,2152,3071,2495,3477,2782,4000
GXL 110-2.5,1650,2755,3488,4000,4000,4000,4000,4000,4000,1217,1649,1609,2243,2087,2989,2420,3383,2707,3937
GXL 110-2.5,1700,2682,3399,4000,4000,4000,4000,4000,4000,1181,1600,1562,2177,2025,2912,2349,3295,2629,3833
GXL 110-2.5,1750,2614,3314,3966,4000,4000,4000,4000,4000,1148,1554,1518,2114,1967,2839,2283,3211,2554,3735
GXL 110-2.5,1800,2550,3234,3870,4000,4000,4000,4000,4000,1116,1511,1477,2056,1912,2770,2219,3133,2483,3631
GXL 110-2.5,1850,2434,3159,3779,4000,4000,4000,4000,4000,1086,1470,1437,2000,1860,2705,2159,3058,2415,3533
GXL 110-2.5,1900,2324,3087,3693,4000,4000,4000,4000,4000,1057,1432,1399,1947,1810,2643,2103,2987,2351,3440
GXL 110-2.5,1950,2222,3019,3611,4000,4000,4000,4000,4000,1030,1395,1363,1947,1763,2575,2049,2920,2290,3352
GXL 110-2.5,2000,2126,2954,3533,3989,4000,4000,4000,4000,1004,1352,1329,1850,1718,2510,1997,2856,2233,3268
GXL 110-2.5,2050,2037,2893,3459,3904,4000,4000,4000,4000,979,1300,1297,1805,1676,2449,1948,2796,2178,3188
GXL 110-2.5,2100,1954,2834,3389,3823,4000,4000,4000,4000,955,1250,1265,1762,1635,2391,1902,2738,2125,3112
GXL 110-2.5,2150,1876,2778,3322,3746,4000,4000,4000,4000,932,1250,1235,1721,1596,2335,1857,2675,2075,3040
GXL 110-2.5,2200,1802,2693,3257,3672,4000,4000,4000,4000,910,1160,1207,1682,1559,2282,1814,2614,2027,2971
GXL 110-2.5,2250,1734,2592,3196,3601,4000,4000,4000,4000,889,1119,1179,1645,1523,2231,1773,2556,1981,2905
GXL 110-2.5,2300,1669,2497,3137,3533,4000,4000,4000,4000,868,1081,1153,1609,1489,2183,1734,2500,1937,2842
GXL 110-2.5,2350,1608,2407,3080,3468,3982,4000,4000,4000,849,1044,1128,1575,1457,2137,1697,2447,1895,2781
GXL 110-2.5,2400,1550,2322,3026,3406,3909,4000,4000,4000,830,1009,1103,1542,1425,2092,1661,2396,1855,2723
GXL 110-2.5,2450,1496,2242,2970,3347,3838,4000,4000,4000,812,977,1080,1510,1395,2049,1626,2347,1816,2668
GXL 110-2.5,2500,1445,2166,2913,3289,3771,4000,4000,4000,794,945,1057,1470,1366,2008,1593,2300,1778,2614
GXL 110-2.5,2550,1396,2094,2844,3230,3706,4000,4000,4000,777,916,1035,1423,1338,1969,1561,2255,1742,2563
GXL 110-2.5,2600,1350,2026,2752,3170,3643,4000,4000,4000,761,888,1014,1379,1311,1931,1530,2212,1708,2514
GXL 110-2.5,2650,1306,1962,2664,3113,3579,4000,4000,4000,745,861,994,1337,1285,1895,1500,2170,1674,2466
GXL 110-2.5,2700,1265,1900,2580,3057,3514,4000,4001,4000,726,836,974,1337,1260,1847,1471,2130,1642,2466
GXL 110-2.5,2750,1225,1842,2501,3003,3451,4000,4000,4000,705,812,955,1259,1236,1790,1443,2091,1611,2377
GXL 110-2.5,2800,1188,1787,2425,2951,3390,3953,4000,4000,685,789,937,1222,1212,1736,1416,2054,1581,2334
GXL 110-2.5,2850,1152,1734,2353,2901,3331,3883,4000,4000,666,767,919,1188,1190,1684,1390,2018,1552,2293
GXL 110-2.5,2900,1118,1683,2285,2853,3274,3816,4000,4000,648,746,902,1155,1168,1635,1365,1983,1524,2254
GXL 110-2.5,2950,1086,1635,2219,2806,3219,3752,4000,4000,631,726,885,1123,1147,1588,1341,1935,1497,2215
GXL 110-2.5,3000,1055,1590,2157,2740,3166,3689,4000,4000,614,707,869,1093,1126,1543,1317,1880,1471,2179
GXL 110-2.5,3050,1025,1546,2097,2664,3115,3628,3960,4000,598,688,853,1064,1106,1500,1295,1827,1445,2143
GXL 110-2.5,3100,997,1504,2040,2590,3065,3569,3895,4000,583,671,837,1036,1087,1460,1272,1777,1420,2108
GXL 110-2.5,3150,970,1464,1985,2520,3017,3513,3833,4000,568,654,823,1010,1068,1420,1251,1729,1397,2075
GXL 110-2.5,3200,944,1425,1933,2452,2970,3457,3773,4000,554,638,808,984,1050,1383,1230,1683,1373,2042
GXL 110-2.5,3250,919,1388,1883,2388,2919,3404,3714,4000,541,622,794,960,1033,1347,1210,1639,1351,1999
GXL 110-2.5,3300,895,1353,1835,2326,2842,3352,3657,4000,528,607,780,936,1015,1313,1190,1597,1329,1947
GXL 110-2.5,3350,872,1319,1789,2267,2768,3301,3602,4000,516,593,762,914,999,1280,1171,1556,1307,1898
GXL 110-2.5,3400,851,1287,1744,2210,2698,3252,3549,4000,504,579,744,892,982,1248,1152,1517,1287,1850
GXL 110-2.5,3450,830,1256,1702,2155,2630,3204,3496,4000,492,566,726,871,967,1218,1134,1480,1267,1804
GXL 110-2.5,3500,809,1225,1661,2103,2564,3153,3446,4000,481,553,710,851,951,1188,1116,1444,1247,1760
GXL 110-2.5,3550,790,1197,1622,2052,2502,3075,3397,4000,471,541,694,832,936,1160,1099,1409,1228,1718
GXL 110-2.5,3600,771,1169,1584,2004,2441,3001,3349,4000,460,529,678,814,922,1133,1082,1376,1209,1677
GXL 110-2.5,3650,753,1142,1548,1957,2383,2929,3302,4000,450,517,663,796,907,1107,1066,1344,1191,1638
GXL 110-2.5,3700,736,1116,1513,1912,2327,2860,3256,4000,441,506,649,778,894,1082,1050,1313,1173,1600
GXL 110-2.5,3750,719,1091,1479,1869,2274,2793,3212,4000,432,495,635,762,880,1058,1034,1284,1156,1563
GXL 110-2.5,3800,703,1067,1446,1827,2222,2729,3169,3967,423,485,622,746,867,1034,1019,1255,1139,1528
GXL 110-2.5,3850,688,1044,1415,1787,2172,2668,3127,3915,414,475,609,730,854,1012,1004,1227,1123,1495
GXL 110-2.5,3900,673,1022,1384,1748,2124,2608,3086,3863,406,466,596,715,841,990,990,1201,1107,1462
GXL 110-2.5,3950,658,1000,1355,1710,2077,2550,3039,3813,398,456,584,701,829,969,976,1175,1091,1431
GXL 110-2.5,4000,644,980,1327,1674,2032,2495,2972,3764,390,447,573,687,817,949,962,1150,1076,1400
GXL 110-3.15,1000,4000,4000,4000,4000,4000,4000,4000,4000,2008,2720,2617,3700,3370,4000,3856,4000,4000,4000
GXL 110-3.15,1050,4000,4000,4000,4000,4000,4000,4000,4000,1920,2591,2510,3524,3225,4000,3689,4000,4000,4000
GXL 110-3.15,1100,4000,4000,4000,4000,4000,4000,4000,4000,1838,2473,2413,3364,3093,4000,3538,4000,3945,4000
GXL 110-3.15,1150,3852,4000,4000,4000,4000,4000,4000,4000,1763,2365,2324,3218,2973,4000,3400,4000,3788,4000
GXL 110-3.15,1200,3706,4000,4000,4000,4000,4000,4000,4000,1694,2267,2235,3084,2862,3990,3273,4000,3645,4000
GXL 110-3.15,1250,3571,4000,4000,4000,4000,4000,4000,4000,1630,2176,2150,2960,2761,3846,3157,4000,3512,4000
GXL 110-3.15,1300,3447,4000,4000,4000,4000,4000,4000,4000,1570,2092,2071,2846,2666,3714,3049,4000,3390,4000
GXL 110-3.15,1350,3332,4000,4000,4000,4000,4000,4000,4000,1515,2015,1998,2741,2579,3591,2949,4000,3277,4000
GXL 110-3.15,1400,3225,4000,4000,4000,4000,4000,4000,4000,1463,1943,1929,2643,2498,3476,2856,3963,3172,4000
GXL 110-3.15,1450,3125,3964,4000,4000,4000,4000,4000,4000,1415,1943,1865,2552,2423,3370,2770,3841,3074,4000
GXL 110-3.15,1500,3032,3849,4000,4000,4000,4000,4000,4000,1370,1813,1806,2467,2346,3270,2689,3727,2983,4000
GXL 110-3.15,1550,2945,3741,4000,4000,4000,4000,4000,4000,1327,1755,1749,2387,2272,3177,2611,3621,2897,4000
GXL 110-3.15,1600,2863,3639,4000,4000,4000,4000,4000,4000,1287,1700,1697,2313,2202,3090,2531,3521,2817,4000
GXL 110-3.15,1650,2786,3544,4000,4000,4000,4000,4000,4000,1249,1649,1647,2243,2136,3008,2455,3427,2741,3961
GXL 110-3.15,1700,2714,3454,4000,4000,4000,4000,4000,4000,1213,1600,1600,2177,2074,2931,2384,3338,2663,3844
GXL 110-3.15,1750,2646,3369,4000,4000,4000,4000,4000,4000,1179,1554,1555,2114,2015,2858,2317,3255,2588,3735
GXL 110-3.15,1800,2581,3289,4000,4000,4000,4000,4000,4000,1147,1511,1513,2056,1960,2789,2254,3176,2516,3631
GXL 110-3.15,1850,2471,3213,3918,4000,4000,4000,4000,4000,1116,1470,1473,2000,1907,2714,2194,3101,2448,3533
GXL 110-3.15,1900,2361,3141,3831,4000,4000,4000,4000,4000,1087,1432,1435,1947,1857,2643,2137,3027,2384,3440
GXL 110-3.15,1950,2257,3073,3749,4000,4000,4000,4000,4000,1059,1395,1398,1898,1810,2575,2082,2949,2323,3352
GXL 110-3.15,2000,2161,3008,3670,4000,4000,4000,4000,4000,1032,1360,1364,1850,1765,2510,2031,2875,2265,3268
GXL 110-3.15,2050,2071,2946,3595,4000,4000,4000,4000,4000,1007,1327,1331,1805,1722,2449,1981,2805,2210,3188
GXL 110-3.15,2100,1987,2887,3524,3934,4000,4000,4000,4000,983,1295,1299,1762,1681,2391,1934,2739,2157,3112
GXL 110-3.15,2150,1908,2831,3456,3856,4000,4000,4000,4000,959,1265,1269,1762,1641,2335,1889,2675,2107,3040
GXL 110-3.15,2200,1834,2759,3391,3781,4000,4000,4000,4000,937,1225,1239,1682,1604,2282,1846,2614,2058,2971
GXL 110-3.15,2250,1765,2656,3329,3710,4000,4000,4000,4000,915,1183,1212,1645,1568,2231,1805,2556,2012,2905
GXL 110-3.15,2300,1699,2559,3269,3642,4000,4000,4000,4000,894,1142,1185,1609,1533,2183,1766,2500,1968,2842
GXL 110-3.15,2350,1638,2468,3212,3577,4000,4000,4000,4000,874,1104,1159,1575,1500,2137,1728,2447,1926,2781
GXL 110-3.15,2400,1579,2382,3157,3514,4000,4000,4000,4000,855,1068,1134,1542,1468,2092,1692,2396,1885,2723
GXL 110-3.15,2450,1524,2301,3100,3454,3943,4000,4000,4000,837,1034,1110,1510,1438,2049,1657,2347,1846,2668
GXL 110-3.15,2500,1472,2223,3037,3396,3875,4000,4000,4000,819,1001,1087,1480,1408,2008,1623,2300,1808,2614
GXL 110-3.15,2550,1423,2150,2951,3337,3810,4000,4000,4000,801,970,1065,1451,1380,1969,1591,2255,1772,2563
GXL 110-3.15,2600,1377,2081,2869,3276,3747,4000,4000,4000,785,941,1044,1423,1353,1931,1560,2212,1737,2563
GXL 110-3.15,2650,1332,2016,2790,3217,3682,4000,4000,4000,768,913,1023,1387,1326,1895,1530,2170,1704,2466
GXL 110-3.15,2700,1290,1953,2715,3161,3616,4000,4001,4000,753,887,1003,1346,1301,1860,1500,2130,1671,2421
GXL 110-3.15,2750,1250,1894,2644,3107,3552,4000,4000,4000,735,861,983,1346,1276,1810,1472,2091,1640,2377
GXL 110-3.15,2800,1212,1837,2572,3054,3491,4000,4000,4000,714,837,965,1270,1253,1755,1445,2054,1610,2334
GXL 110-3.15,2850,1176,1784,2497,3003,3432,4000,4000,4000,695,814,946,1234,1230,1703,1419,2018,1581,2293
GXL 110-3.15,2900,1142,1732,2426,2954,3374,3937,4000,4000,676,792,929,1200,1207,1654,1394,1983,1552,2254
GXL 110-3.15,2950,1109,1683,2358,2906,3319,3871,4000,4000,658,771,912,1167,1186,1606,1369,1949,1525,2215
GXL 110-3.15,3000,1078,1636,2293,2860,3265,3808,4000,4000,641,771,895,1136,1165,1561,1345,1917,1498,2179
GXL 110-3.15,3050,1048,1592,2230,2788,3213,3747,4000,4000,624,732,879,1106,1145,1518,1322,1872,1473,2143
GXL 110-3.15,3100,1019,1549,2171,2712,3163,3687,3939,4000,609,713,863,1078,1125,1477,1300,1821,1448,2108
GXL 110-3.15,3150,991,1508,2114,2639,3114,3630,3876,4000,593,695,848,1051,1106,1437,1278,1772,1424,2075
GXL 110-3.15,3200,965,1469,2059,2570,3067,3574,3816,4000,579,678,833,1024,1087,1400,1257,1726,1400,2042
GXL 110-3.15,3250,940,1431,2007,2504,3021,3520,3757,4000,565,662,818,999,1069,1364,1236,1681,1377,2011
GXL 110-3.15,3300,916,1395,1957,2440,2961,3467,3700,4000,552,646,804,999,1052,1329,1216,1638,1355,1980
GXL 110-3.15,3350,893,1361,1909,2379,2885,3416,3644,4000,539,631,791,952,1035,1296,1197,1597,1334,1946
GXL 110-3.15,3400,871,1328,1863,2320,2813,3366,3591,4000,526,617,775,929,1018,1264,1178,1557,1313,1897
GXL 110-3.15,3450,849,1296,1818,2264,2743,3318,3538,4000,514,603,757,908,1002,1233,1160,1519,1293,1850
GXL 110-3.15,3500,829,1265,1775,2209,2676,3271,3487,4000,503,589,740,887,987,1203,1142,1482,1273,1806
GXL 110-3.15,3550,809,1235,1734,2157,2612,3215,3438,4000,492,576,723,867,971,1175,1124,1447,1253,1763
GXL 110-3.15,3600,790,1207,1695,2107,2550,3138,3390,4000,481,564,707,848,956,1148,1107,1413,1235,1721
GXL 110-3.15,3650,772,1180,1656,2059,2490,3065,3343,4000,471,551,692,830,942,1121,1091,1381,1216,1681
GXL 110-3.15,3700,754,1153,1620,2012,2433,2994,3297,4000,461,540,677,812,928,1096,1075,1350,1198,1643
GXL 110-3.15,3750,737,1128,1584,1967,2377,2925,3253,4000,451,528,663,795,914,1072,1059,1319,1181,1606
GXL 110-3.15,3800,721,1103,1550,1924,2324,2859,3210,4000,442,518,649,778,900,1048,1043,1290,1164,1570
GXL 110-3.15,3850,705,1080,1517,1882,2273,2796,3167,4000,433,507,636,762,887,1025,1028,1262,1147,1536
GXL 110-3.15,3900,690,1057,1485,1842,2223,2734,3126,3998,424,497,623,746,874,1003,1014,1235,1131,1502
GXL 110-3.15,3950,675,1035,1454,1803,2175,2675,3086,3948,416,487,610,731,861,982,999,1209,1115,1470
GXL 110-3.15,4000,661,1013,1424,1766,2129,2618,3022,3898,408,477,598,717,849,962,985,1184,1100,1470
GXL 120-2.0,1000,4000,4000,4000,4000,4000,4000,4000,4000,1894,2720,2495,3665,3253,4000,3760,4000,4000,4000
GXL 120-2.0,1050,4000,4000,4000,4000,4000,4000,4000,4000,1808,2591,2389,3509,3108,4000,3594,4000,4000,4000
GXL 120-2.0,1100,3944,4000,4000,4000,4000,4000,4000,4000,1728,2473,2293,3364,2977,4000,3443,4000,3855,4000
GXL 120-2.0,1150,3785,4000,4000,4000,4000,4000,4000,4000,1655,2365,2205,3218,2857,4000,3306,4000,3699,4000
GXL 120-2.0,1200,3639,4000,4000,4000,4000,4000,4000,4000,1587,2267,2118,3084,2747,3852,3179,4000,3556,4000
GXL 120-2.0,1250,3505,4000,4000,4000,4000,4000,4000,4000,1525,2176,2034,2960,2645,3708,3063,4000,3424,4000
GXL 120-2.0,1300,3381,4000,4000,4000,4000,4000,4000,4000,1467,2092,1957,2846,2552,3576,2956,4000,3302,4000
GXL 120-2.0,1350,3266,4000,4000,4000,4000,4000,4000,4000,1413,2015,1885,2741,2465,3454,2856,3982,3189,4000
GXL 120-2.0,1400,3159,3957,4000,4000,4000,4000,4000,4000,1363,1943,1818,2643,2385,3340,2764,3852,3084,4000
GXL 120-2.0,1450,3060,3834,4000,4000,4000,4000,4000,4000,1316,1876,1755,2552,2310,3234,2678,3730,2987,4000
GXL 120-2.0,1500,2967,3719,4000,4000,4000,4000,4000,4000,1273,1876,1697,2467,2234,3135,2598,3616,2896,4000
GXL 120-2.0,1550,2880,3612,4000,4000,4000,4000,4000,4000,1232,1755,1642,2387,2161,3043,2520,3510,2811,4000
GXL 120-2.0,1600,2798,3511,4000,4000,4000,4000,4000,4000,1193,1700,1591,2313,2092,2956,2441,3411,2731,3977
GXL 120-2.0,1650,2722,3416,4000,4000,4000,4000,4000,4000,1156,1649,1542,2243,2027,2875,2366,3317,2655,3867
GXL 120-2.0,1700,2650,3327,3962,4000,4000,4000,4000,4000,1122,1600,1496,2177,1966,2798,2296,3229,2578,3764
GXL 120-2.0,1750,2582,3243,3861,4000,4000,4000,4000,4000,1089,1554,1453,2114,1908,2725,2229,3146,2503,3666
GXL 120-2.0,1800,2512,3163,3766,4000,4000,4000,4000,4000,1059,1499,1412,2056,1853,2657,2167,3067,2432,3574
GXL 120-2.0,1850,2395,3088,3675,4000,4000,4000,4000,4000,1029,1433,1373,2000,1802,2592,2107,2993,2365,3487
GXL 120-2.0,1900,2286,3017,3590,4000,4000,4000,4000,4000,1001,1372,1336,1947,1753,2531,2051,2922,2301,3404
GXL 120-2.0,1950,2185,2949,3508,3957,4000,4000,4000,4000,975,1314,1301,1898,1706,2473,1997,2856,2241,3326
GXL 120-2.0,2000,2090,2884,3431,3868,4000,4000,4000,4000,949,1261,1268,1850,1662,2417,1946,2792,2183,3251
GXL 120-2.0,2050,2002,2823,3357,3783,4000,4000,4000,4000,925,1211,1236,1805,1619,2364,1898,2732,2129,3180
GXL 120-2.0,2100,1920,2765,3287,3702,4000,4000,4000,4000,902,1164,1205,1762,1579,2307,1852,2674,2076,3112
GXL 120-2.0,2150,1842,2709,3220,3625,4000,4000,4000,4000,880,1120,1176,1721,1541,2253,1807,2619,2027,3040
GXL 120-2.0,2200,1770,2609,3156,3552,4000,4000,4000,4000,859,1078,1148,1682,1504,2202,1765,2567,1979,2971
GXL 120-2.0,2250,1702,2509,3095,3481,4000,4000,4000,4000,838,1039,1122,1643,1469,2153,1725,2512,1934,2905
GXL 120-2.0,2300,1638,2416,3037,3414,3924,4000,4000,4000,819,1003,1096,1584,1435,2106,1686,2458,1890,2842
GXL 120-2.0,2350,1577,2328,2981,3350,3848,4000,4000,4000,800,968,1071,1528,1403,2060,1649,2406,1848,2781
GXL 120-2.0,2400,1520,2245,2927,3288,3775,4000,4000,4000,782,935,1048,1475,1372,2017,1613,2356,1808,2723
GXL 120-2.0,2450,1467,2166,2871,3229,3705,4000,4000,4000,764,904,1025,1426,1342,1975,1579,2308,1769,2668
GXL 120-2.0,2500,1416,2092,2815,3172,3638,4000,4000,4000,748,875,1003,1378,1314,1935,1546,2262,1732,2614
GXL 120-2.0,2550,1368,2022,2723,3113,3574,4000,4000,4000,731,847,982,1334,1286,1897,1514,2218,1697,2563
GXL 120-2.0,2600,1322,1955,2633,3054,3512,4000,4000,4000,711,820,961,1291,1260,1841,1483,2176,1663,2514
GXL 120-2.0,2650,1279,1892,2548,2997,3447,3993,4000,4000,689,795,942,1251,1234,1780,1454,2135,1629,2466
GXL 120-2.0,2700,1238,1832,2466,2942,3383,3916,4001,4000,669,771,923,1213,1209,1723,1426,2095,1598,2421
GXL 120-2.0,2750,1199,1775,2389,2889,3320,3843,4000,4000,649,749,904,1213,1186,1668,1398,2057,1567,2377
GXL 120-2.0,2800,1162,1721,2316,2837,3260,3772,4000,4000,631,727,886,1142,1163,1617,1372,2020,1537,2334
GXL 120-2.0,2850,1127,1669,2246,2788,3202,3703,4000,4000,613,706,869,1109,1140,1567,1346,1980,1508,2293
GXL 120-2.0,2900,1093,1620,2179,2740,3146,3637,4000,4000,596,687,853,1077,1119,1520,1321,1921,1481,2254
GXL 120-2.0,2950,1061,1573,2116,2681,3092,3573,4000,4000,580,668,836,1047,1098,1475,1297,1864,1454,2215
GXL 120-2.0,3000,1031,1529,2055,2603,3039,3511,3961,4000,564,650,821,1018,1078,1433,1274,1810,1428,2179
GXL 120-2.0,3050,1002,1486,1997,2528,2989,3452,3895,4000,549,633,805,991,1059,1392,1252,1759,1403,2143
GXL 120-2.0,3100,974,1445,1942,2457,2939,3394,3831,4000,535,616,791,964,1040,1353,1230,1710,1378,2094
GXL 120-2.0,3150,947,1406,1889,2389,2892,3337,3769,4000,521,600,776,939,1021,1315,1209,1663,1355,2094
GXL 120-2.0,3200,922,1368,1838,2324,2844,3283,3709,4000,508,585,760,915,1004,1280,1188,1618,1332,1981
GXL 120-2.0,3250,897,1333,1790,2262,2766,3230,3650,4000,496,571,741,892,986,1246,1168,1575,1310,1928
GXL 120-2.0,3300,874,1298,1743,2202,2692,3179,3594,4000,484,557,722,870,969,1213,1149,1534,1288,1877
GXL 120-2.0,3350,851,1265,1699,2145,2620,3129,3539,4000,472,543,705,849,953,1181,1130,1494,1267,1828
GXL 120-2.0,3400,830,1234,1656,2090,2552,3081,3486,4000,461,530,688,828,937,1151,1112,1456,1246,1782
GXL 120-2.0,3450,809,1203,1615,2037,2486,3022,3434,4000,450,518,671,808,922,1122,1094,1420,1227,1737
GXL 120-2.0,3500,789,1174,1575,1986,2423,2944,3384,4000,440,506,656,790,907,1095,1077,1385,1207,1694
GXL 120-2.0,3550,770,1146,1537,1938,2362,2870,3335,4000,430,495,641,771,892,1068,1060,1351,1188,1653
GXL 120-2.0,3600,752,1119,1501,1891,2304,2798,3287,4000,421,484,626,754,878,1042,1043,1319,1170,1613
GXL 120-2.0,3650,734,1093,1466,1846,2248,2729,3240,4000,411,473,612,737,864,1018,1027,1288,1152,1575
GXL 120-2.0,3700,717,1068,1432,1802,2194,2663,3195,3948,403,463,599,721,851,994,1012,1258,1135,1538
GXL 120-2.0,3750,701,1044,1399,1761,2142,2599,3151,3893,394,453,586,705,837,971,996,1229,1118,1502
GXL 120-2.0,3800,685,1021,1368,1720,2092,2538,3108,3839,386,443,573,690,825,949,981,1201,1101,1468
GXL 120-2.0,3850,670,998,1338,1682,2044,2479,3067,3787,378,434,561,675,812,928,967,1175,1085,1435
GXL 120-2.0,3900,655,977,1308,1644,1998,2422,3026,3736,370,425,549,661,800,907,953,1149,1070,1403
GXL 120-2.0,3950,641,956,1280,1608,1953,2367,2965,3687,363,416,538,647,783,887,939,1124,1054,1373
GXL 120-2.0,4000,627,935,1253,1573,1910,2314,2899,3639,355,408,527,634,766,868,925,1100,1039,1343
GXL 120-2.5,1000,4000,4000,4000,4000,4000,4000,4000,4000,1926,2720,2530,3700,3304,4000,3816,4000,4000,4000
GXL 120-2.5,1050,4000,4000,4000,4000,4000,4000,4000,4000,1840,2591,2424,3524,3159,4000,3650,4000,4000,4000
GXL 120-2.5,1100,4000,4000,4000,4000,4000,4000,4000,4000,1759,2473,2328,3364,3027,4000,3499,4000,3908,4000
GXL 120-2.5,1150,3875,4000,4000,4000,4000,4000,4000,4000,1685,2365,2239,3218,2907,4000,3361,4000,3752,4000
GXL 120-2.5,1200,3729,4000,4000,4000,4000,4000,4000,4000,1617,2267,2152,3084,2797,3926,3235,4000,3608,4000
GXL 120-2.5,1250,3594,4000,4000,4000,4000,4000,4000,4000,1554,2176,2067,2960,2695,3783,3118,4000,3476,4000
GXL 120-2.5,1300,3469,4000,4000,4000,4000,4000,4000,4000,1496,2092,1990,2846,2602,3650,3011,4000,3354,4000
GXL 120-2.5,1350,3354,4000,4000,4000,4000,4000,4000,4000,1442,2015,1917,2741,2515,3528,2911,4000,3241,4000
GXL 120-2.5,1400,3247,4000,4000,4000,4000,4000,4000,4000,1391,1943,1850,2643,2434,3414,2819,3918,3136,4000
GXL 120-2.5,1450,3147,3940,4000,4000,4000,4000,4000,4000,1344,1876,1787,2552,2359,3308,2732,3796,3038,4000
GXL 120-2.5,1500,3054,3825,4000,4000,4000,4000,4000,4000,1300,1813,1728,2467,2283,3209,2652,3682,2947,4000
GXL 120-2.5,1550,2967,3717,4000,4000,4000,4000,4000,4000,1259,1755,1673,2387,2209,3116,2574,3576,2862,4000
GXL 120-2.5,1600,2885,3616,4000,4000,4000,4000,4000,4000,1220,1700,1621,2313,2140,3029,2494,3476,2782,4000
GXL 120-2.5,1650,2808,3520,4000,4000,4000,4000,4000,4000,1183,1649,1573,2243,2074,2947,2419,3382,2706,3939
GXL 120-2.5,1700,2736,3431,4000,4000,4000,4000,4000,4000,1148,1600,1526,2177,2013,2870,2348,3294,2628,3835
GXL 120-2.5,1750,2668,3346,3923,4000,4000,4000,4000,4000,1115,1554,1483,2114,1955,2797,2282,3210,2553,3735
GXL 120-2.5,1800,2603,3266,3827,4000,4000,4000,4000,4000,1084,1511,1442,2056,1900,2729,2218,3131,2482,3631
GXL 120-2.5,1850,2498,3190,3737,4000,4000,4000,4000,4000,1054,1470,1402,2000,1848,2664,2159,3057,2414,3533
GXL 120-2.5,1900,2386,3119,3651,4000,4000,4000,4000,4000,1026,1432,1365,1947,1798,2602,2102,2986,2350,3440
GXL 120-2.5,1950,2282,3050,3569,4000,4000,4000,4000,4000,999,1388,1330,1898,1751,2544,2048,2919,2290,3352
GXL 120-2.5,2000,2186,2985,3491,3951,4000,4000,4000,4000,973,1333,1296,1850,1707,2488,1996,2855,2232,3268
GXL 120-2.5,2050,2095,2924,3418,3866,4000,4000,4000,4000,949,1281,1264,1805,1664,2434,1947,2795,2177,3188
GXL 120-2.5,2100,2010,2865,3347,3785,4000,4000,4000,4000,925,1232,1233,1762,1624,2377,1901,2737,2124,3112
GXL 120-2.5,2150,1931,2809,3280,3708,4000,4000,4000,4000,903,1186,1203,1721,1585,2323,1856,2675,2074,3040
GXL 120-2.5,2200,1856,2731,3216,3634,4000,4000,4000,4000,881,1143,1175,1682,1548,2271,1813,2614,2026,2971
GXL 120-2.5,2250,1786,2629,3155,3563,4000,4000,4000,4000,861,1102,1148,1645,1512,2221,1773,2556,1980,2905
GXL 120-2.5,2300,1720,2533,3096,3496,4000,4000,4000,4000,841,1064,1122,1609,1478,2174,1733,2500,1936,2842
GXL 120-2.5,2350,1658,2442,3040,3431,3943,4000,4000,4000,822,1028,1097,1574,1446,2128,1696,2447,1894,2781
GXL 120-2.5,2400,1600,2357,2986,3369,3870,4000,4000,4000,803,1028,1073,1521,1414,2084,1660,2396,1854,2723
GXL 120-2.5,2450,1544,2276,2929,3310,3800,4000,4000,4000,785,961,1050,1470,1384,2042,1625,2347,1815,2668
GXL 120-2.5,2500,1492,2199,2873,3252,3733,4000,4000,4000,768,930,1028,1422,1355,2002,1592,2300,1777,2614
GXL 120-2.5,2550,1442,2127,2795,3194,3668,4000,4000,4000,752,901,1006,1376,1327,1963,1560,2255,1742,2563
GXL 120-2.5,2600,1395,2058,2703,3134,3606,4000,4000,4000,736,874,986,1333,1300,1922,1529,2212,1707,2514
GXL 120-2.5,2650,1351,1993,2616,3076,3541,4000,4000,4000,715,847,966,1291,1275,1860,1499,2170,1674,2466
GXL 120-2.5,2700,1308,1931,2533,3021,3476,4000,4001,4000,694,822,946,1252,1250,1801,1470,2130,1641,2421
GXL 120-2.5,2750,1268,1872,2455,2967,3413,3960,4000,4000,674,798,928,1215,1226,1745,1442,2091,1610,2377
GXL 120-2.5,2800,1230,1816,2380,2916,3353,3888,4000,4000,654,776,910,1180,1202,1692,1416,2054,1580,2334
GXL 120-2.5,2850,1193,1763,2309,2866,3294,3819,4000,4000,636,754,892,1146,1180,1641,1390,2018,1551,2293
GXL 120-2.5,2900,1158,1712,2241,2817,3238,3753,4000,4000,619,733,875,1114,1158,1593,1364,1983,1523,2254
GXL 120-2.5,2950,1125,1663,2177,2771,3183,3688,4000,4000,602,714,859,1083,1137,1546,1340,1934,1496,2215
GXL 120-2.5,3000,1094,1617,2115,2697,3130,3626,4000,4000,586,695,843,1053,1116,1502,1317,1879,1470,2179
GXL 120-2.5,3050,1063,1572,2056,2621,3079,3565,3956,4000,571,676,827,1025,1097,1460,1294,1826,1444,2143
GXL 120-2.5,3100,1034,1530,2000,2548,3029,3507,3892,4000,556,659,812,998,1077,1420,1272,1776,1420,2108
GXL 120-2.5,3150,1007,1489,1946,2479,2981,3450,3830,4000,542,659,798,972,1059,1382,1250,1728,1396,2075
GXL 120-2.5,3200,980,1450,1894,2412,2934,3395,3769,4000,529,626,783,948,1041,1345,1229,1682,1373,2042
GXL 120-2.5,3250,955,1413,1845,2348,2875,3342,3711,4000,516,611,768,924,1023,1310,1209,1638,1350,2001
GXL 120-2.5,3300,930,1377,1797,2287,2799,3290,3654,4000,503,596,749,901,1006,1276,1189,1595,1328,1949
GXL 120-2.5,3350,907,1343,1752,2228,2726,3240,3599,4000,491,582,731,879,989,1243,1170,1555,1307,1899
GXL 120-2.5,3400,885,1310,1708,2172,2655,3191,3545,4000,480,569,713,858,973,1212,1151,1516,1286,1851
GXL 120-2.5,3450,863,1279,1666,2118,2588,3144,3493,4000,469,556,696,838,957,1183,1133,1479,1266,1805
GXL 120-2.5,3500,842,1248,1626,2066,2524,3078,3443,4000,458,543,680,819,942,1154,1116,1443,1246,1761
GXL 120-2.5,3550,822,1219,1587,2016,2461,3002,3393,4000,448,531,665,800,927,1126,1098,1408,1227,1719
GXL 120-2.5,3600,803,1191,1550,1968,2402,2928,3345,4000,438,519,650,782,913,1100,1082,1375,1209,1678
GXL 120-2.5,3650,785,1164,1514,1922,2344,2857,3299,4000,429,508,636,765,899,1074,1065,1343,1190,1639
GXL 120-2.5,3700,767,1138,1480,1878,2289,2789,3253,4000,419,497,622,748,885,1049,1049,1312,1173,1601
GXL 120-2.5,3750,750,1112,1446,1835,2236,2724,3209,4000,411,486,608,732,871,1026,1034,1283,1156,1565
GXL 120-2.5,3800,733,1088,1414,1794,2184,2661,3166,3985,402,476,595,716,858,1003,1019,1254,1139,1530
GXL 120-2.5,3850,717,1065,1383,1754,2135,2600,3124,3932,394,467,583,701,845,981,1004,1227,1122,1496
GXL 120-2.5,3900,702,1042,1353,1715,2087,2541,3083,3881,386,457,571,687,833,960,989,1200,1106,1463
GXL 120-2.5,3950,687,1020,1325,1678,2041,2485,3035,3830,378,448,559,673,821,939,975,1174,1091,1432
GXL 120-2.5,4000,673,999,1297,1642,1997,2430,2969,3782,371,439,548,659,807,919,961,1150,1075,1401
GXL 120-3.15,1000,4000,4000,4000,4000,4000,4000,4000,4000,1966,2720,2574,3700,3368,4000,3888,4000,4000,4000
GXL 120-3.15,1050,4000,4000,4000,4000,4000,4000,4000,4000,1879,2591,2468,3524,3223,4000,3722,4000,4000,4000
GXL 120-3.15,1100,4000,4000,4000,4000,4000,4000,4000,4000,1798,2473,2371,3364,3092,4000,3571,4000,3976,4000
GXL 120-3.15,1150,3988,4000,4000,4000,4000,4000,4000,4000,1723,2365,2282,3218,2971,4000,3432,4000,3819,4000
GXL 120-3.15,1200,3841,4000,4000,4000,4000,4000,4000,4000,1655,2267,2194,3084,2860,4000,3305,4000,3675,4000
GXL 120-3.15,1250,3706,4000,4000,4000,4000,4000,4000,4000,1591,2176,2109,2960,2759,3877,3188,4000,3543,4000
GXL 120-3.15,1300,3581,4000,4000,4000,4000,4000,4000,4000,1533,2092,2031,2846,2665,3744,3081,4000,3420,4000
GXL 120-3.15,1350,3465,4000,4000,4000,4000,4000,4000,4000,1478,2015,1958,2741,2577,3621,2980,4000,3307,4000
GXL 120-3.15,1400,3357,4000,4000,4000,4000,4000,4000,4000,1427,1943,1890,2741,2496,3507,2888,4000,3202,4000
GXL 120-3.15,1450,3257,4000,4000,4000,4000,4000,4000,4000,1379,1876,1827,2552,2421,3400,2801,3880,3104,4000
GXL 120-3.15,1500,3163,3957,4000,4000,4000,4000,4000,4000,1335,1813,1768,2467,2345,3301,2720,3765,3012,4000
GXL 120-3.15,1550,3076,3848,4000,4000,4000,4000,4000,4000,1293,1755,1712,2387,2270,3207,2642,3659,2926,4000
GXL 120-3.15,1600,2993,3746,4000,4000,4000,4000,4000,4000,1253,1700,1660,2313,2200,3120,2561,3558,2846,4000
GXL 120-3.15,1650,2916,3650,4000,4000,4000,4000,4000,4000,1216,1649,1611,2243,2134,3038,2486,3464,2770,3961
GXL 120-3.15,1700,2843,3560,4000,4000,4000,4000,4000,4000,1180,1600,1564,2177,2072,2953,2414,3375,2692,3844
GXL 120-3.15,1750,2774,3475,4000,4000,4000,4000,4000,4000,1147,1554,1520,2114,2014,2869,2347,3286,2616,3735
GXL 120-3.15,1800,2709,3394,3905,4000,4000,4000,4000,4000,1115,1511,1478,2056,1958,2789,2283,3195,2545,3631
GXL 120-3.15,1850,2627,3317,3814,4000,4000,4000,4000,4000,1085,1470,1438,2000,1906,2714,2223,3109,2477,3533
GXL 120-3.15,1900,2513,3245,3727,4000,4000,4000,4000,4000,1056,1432,1401,1947,1856,2643,2165,3027,2412,3440
GXL 120-3.15,1950,2405,3176,3645,4000,4000,4000,4000,4000,1029,1395,1365,1898,1808,2575,2111,2949,2351,3352
GXL 120-3.15,2000,2305,3110,3568,4000,4000,4000,4000,4000,1003,1360,1331,1850,1763,2510,2059,2875,2293,3268
GXL 120-3.15,2050,2212,3048,3493,3971,4000,4000,4000,4000,978,1327,1298,1805,1720,2449,2009,2805,2237,3268
GXL 120-3.15,2100,2124,2988,3423,3889,4000,4000,4000,4000,954,1295,1267,1762,1679,2391,1962,2739,2184,3112
GXL 120-3.15,2150,2042,2931,3355,3812,4000,4000,4000,4000,931,1265,1237,1721,1640,2335,1917,2675,2133,3040
GXL 120-3.15,2200,1965,2877,3291,3737,4000,4000,4000,4000,909,1222,1208,1682,1602,2282,1874,2614,2085,2971
GXL 120-3.15,2250,1892,2779,3229,3666,4000,4000,4000,4000,888,1180,1181,1645,1566,2231,1832,2556,2039,2905
GXL 120-3.15,2300,1824,2679,3170,3599,4000,4000,4000,4000,867,1139,1154,1609,1532,2183,1793,2500,1994,2842
GXL 120-3.15,2350,1760,2585,3113,3533,4000,4000,4000,4000,848,1101,1129,1575,1498,2137,1755,2447,1952,2781
GXL 120-3.15,2400,1699,2497,3059,3471,3989,4000,4000,4000,829,1065,1105,1542,1467,2092,1718,2396,1911,2723
GXL 120-3.15,2450,1641,2413,3002,3411,3919,4000,4000,4000,811,1031,1081,1510,1436,2049,1683,2347,1872,2668
GXL 120-3.15,2500,1587,2333,2945,3353,3851,4000,4000,4000,793,999,1058,1476,1407,2008,1649,2300,1834,2614
GXL 120-3.15,2550,1535,2258,2885,3294,3786,4000,4000,4000,777,968,1037,1429,1378,1969,1616,2255,1797,2563
GXL 120-3.15,2600,1486,2186,2791,3234,3723,4000,4000,4000,760,939,1016,1384,1351,1931,1585,2212,1762,2514
GXL 120-3.15,2650,1440,2118,2702,3176,3658,4000,4000,4000,744,911,995,1342,1325,1895,1555,2170,1729,2466
GXL 120-3.15,2700,1396,2054,2618,3119,3592,4000,4001,4000,725,884,975,1302,1299,1860,1525,2130,1696,2421
GXL 120-3.15,2750,1354,1992,2538,3065,3529,4000,4000,4000,704,859,956,1264,1275,1826,1497,2091,1664,2377
GXL 120-3.15,2800,1314,1934,2462,3013,3468,4000,4000,4000,684,835,938,1227,1251,1786,1470,2054,1634,2334
GXL 120-3.15,2850,1275,1878,2389,2962,3409,3963,4000,4000,665,812,920,1192,1228,1733,1443,2018,1605,2293
GXL 120-3.15,2900,1239,1825,2320,2914,3352,3896,4000,4000,647,790,903,1159,1206,1683,1418,1983,1576,2254
GXL 120-3.15,2950,1204,1774,2254,2866,3296,3830,4000,4000,630,769,886,1127,1184,1635,1393,1949,1549,2215
GXL 120-3.15,3000,1171,1726,2191,2816,3243,3767,4000,4000,613,749,870,1097,1164,1590,1369,1917,1522,2179
GXL 120-3.15,3050,1139,1680,2130,2738,3191,3706,4000,4000,597,730,854,1068,1143,1546,1346,1886,1496,2143
GXL 120-3.15,3100,1109,1635,2073,2663,3141,3647,3969,4000,582,711,838,1040,1124,1505,1323,1855,1471,2108
GXL 120-3.15,3150,1080,1593,2017,2591,3092,3590,3906,4000,568,693,824,1014,1105,1465,1301,1809,1447,2075
GXL 120-3.15,3200,1052,1552,1965,2523,3045,3534,3845,4000,554,676,809,988,1086,1426,1280,1762,1423,2042
GXL 120-3.15,3250,1026,1513,1914,2457,2999,3480,3786,4000,540,660,795,964,1068,1390,1259,1717,1400,2042
GXL 120-3.15,3300,1000,1475,1865,2394,2934,3428,3729,4000,527,644,781,940,1051,1355,1239,1673,1378,1980
GXL 120-3.15,3350,975,1439,1819,2334,2859,3377,3674,4000,515,629,763,918,1034,1321,1219,1631,1356,1951
GXL 120-3.15,3400,952,1405,1774,2276,2786,3327,3620,4000,503,615,745,896,1017,1288,1200,1591,1335,1922
GXL 120-3.15,3450,929,1372,1731,2220,2717,3279,3567,4000,492,601,728,875,1001,1257,1181,1552,1314,1892
GXL 120-3.15,3500,907,1340,1690,2167,2650,3232,3516,4000,480,587,711,855,985,1227,1163,1515,1294,1846
GXL 120-3.15,3550,886,1309,1650,2115,2586,3167,3467,4000,470,574,695,836,970,1199,1146,1480,1275,1803
GXL 120-3.15,3600,866,1279,1612,2066,2525,3091,3418,4000,460,562,679,817,955,1171,1128,1445,1256,1761
GXL 120-3.15,3650,847,1251,1575,2018,2466,3018,3371,4000,450,550,665,799,941,1144,1112,1412,1237,1720
GXL 120-3.15,3700,828,1223,1539,1972,2409,2948,3326,4000,440,538,650,782,926,1119,1095,1381,1219,1681
GXL 120-3.15,3750,810,1197,1505,1928,2354,2880,3281,3925,431,527,636,765,913,1094,1079,1350,1202,1643
GXL 120-3.15,3800,792,1171,1472,1885,2301,2815,3238,3846,422,516,623,749,899,1070,1064,1320,1185,1607
GXL 120-3.15,3850,776,1146,1440,1844,2250,2752,3195,3770,413,505,610,733,886,1047,1049,1292,1168,1572
GXL 120-3.15,3900,759,1122,1410,1804,2200,2691,3154,3696,405,505,598,718,873,1025,1034,1264,1151,1538
GXL 120-3.15,3950,744,1099,1380,1766,2153,2632,3113,3625,397,485,585,704,860,1003,1019,1238,1135,1506
GXL 120-3.15,4000,728,1077,1351,1729,2107,2576,3056,3556,389,476,574,690,848,982,1005,1212,1120,1474
